{"description": "PHOSPHENE SPECIFICATIONS FILE.  'nPhosphenes': the number of phosphenes. 'eccentricities': the radius (in degrees of visual angle) from the foveal center for each phosphene. 'azimuth_angles': the polar angle (in radians) for each phosphene. 'size': each phosphene's default size (in dva). ", "nPhosphenes": 250, "eccentricities": [1.0319279279279279, 5.2557297297297305, 0.33129729729729734, 5.6260630630630635, 8.17836036036036, 0.001, 0.04103603603603604, 1.8126306306306306, 0.8117297297297298, 1.3822432432432432, 9.269342342342343, 6.156540540540542, 1.0019009009009008, 2.463216216216216, 0.3913513513513514, 9.909918918918919, 0.14112612612612613, 2.6333693693693694, 3.7944144144144145, 4.334900900900902, 6.116504504504506, 1.5423873873873875, 2.353117117117117, 2.5332792792792795, 0.16114414414414416, 1.3722342342342342, 1.5924324324324324, 0.2712432432432433, 1.8426576576576577, 1.4723243243243243, 0.28125225225225226, 0.02101801801801802, 0.8717837837837838, 2.303072072072072, 3.153837837837838, 5.976378378378379, 1.0219189189189188, 8.358522522522522, 4.795315315315316, 0.46141441441441444, 5.325792792792794, 0.17115315315315316, 0.02101801801801802, 0.4313873873873874, 3.824441441441442, 5.6660990990991, 6.616954954954956, 1.7525765765765766, 0.001, 0.13111711711711713, 0.3012702702702703, 4.024621621621622, 0.5214684684684685, 1.3622252252252252, 0.3813423423423424, 0.7116396396396397, 1.051945945945946, 2.5132612612612615, 0.7216486486486487, 0.8117297297297298, 4.144729729729731, 0.1911711711711712, 0.5214684684684685, 5.545990990990992, 0.2912612612612613, 0.7316576576576577, 5.215693693693694, 2.1129009009009008, 9.18927027027027, 0.3813423423423424, 2.3130810810810813, 3.083774774774775, 0.5815225225225226, 7.747972972972974, 7.347612612612614, 1.8526666666666667, 8.098288288288288, 7.297567567567569, 2.2730450450450452, 4.5250720720720725, 4.535081081081082, 3.293963963963964, 0.7416666666666667, 2.4431981981981985, 0.3112792792792793, 1.041936936936937, 7.828045045045046, 0.16114414414414416, 1.5323783783783784, 4.004603603603604, 8.728855855855857, 0.17115315315315316, 0.6015405405405406, 4.915423423423424, 7.007306306306307, 1.5824234234234233, 3.3239909909909913, 1.182063063063063, 8.548693693693695, 6.727054054054055, 1.5223693693693694, 0.16114414414414416, 1.7425675675675676, 7.007306306306307, 2.5332792792792795, 0.4113693693693694, 1.342207207207207, 0.17115315315315316, 1.162045045045045, 5.455909909909911, 0.6015405405405406, 3.9945945945945946, 6.056450450450451, 0.8417567567567569, 2.7134414414414416, 4.254828828828829, 4.925432432432433, 1.8927027027027028, 0.05104504504504505, 4.324891891891893, 1.0319279279279279, 1.2020810810810811, 0.3913513513513514, 3.4340900900900904, 1.3221891891891893, 1.6224594594594595, 2.8435585585585588, 0.6015405405405406, 6.556900900900902, 0.6916216216216217, 1.6925225225225224, 1.4222792792792793, 7.928135135135136, 9.80982882882883, 8.538684684684684, 1.6324684684684685, 9.359423423423424, 9.539585585585586, 1.3722342342342342, 3.404063063063063, 6.386747747747749, 0.07106306306306306, 2.092882882882883, 3.7643873873873877, 3.243918918918919, 6.606945945945947, 2.4231801801801804, 5.3458108108108116, 3.914522522522523, 1.051945945945946, 7.577819819819821, 3.313981981981982, 1.4222792792792793, 9.349414414414415, 0.02101801801801802, 0.1911711711711712, 4.775297297297298, 4.164747747747748, 0.02101801801801802, 6.106495495495496, 0.3913513513513514, 0.42137837837837844, 0.02101801801801802, 7.858072072072073, 7.8880990990991, 3.6442792792792793, 0.35131531531531535, 5.0255225225225235, 0.1811621621621622, 2.343108108108108, 1.0319279279279279, 0.5815225225225226, 0.6615945945945947, 1.3321981981981983, 6.967270270270271, 1.242117117117117, 0.1811621621621622, 0.9218288288288289, 0.6615945945945947, 8.368531531531533, 0.5715135135135135, 5.155639639639641, 0.8217387387387388, 8.658792792792793, 2.4431981981981985, 9.249324324324325, 7.517765765765767, 0.04103603603603604, 0.4313873873873874, 1.9727747747747748, 6.406765765765766, 0.3212882882882883, 0.2912612612612613, 6.186567567567568, 0.12110810810810813, 8.26844144144144, 8.058252252252252, 3.6743063063063066, 3.123810810810811, 6.57691891891892, 0.5715135135135135, 0.12110810810810813, 0.46141441441441444, 6.787108108108109, 3.5241711711711714, 4.805324324324325, 3.283954954954955, 8.298468468468469, 0.031027027027027032, 7.137423423423424, 6.236612612612613, 6.636972972972974, 1.5123603603603604, 0.8317477477477478, 6.636972972972974, 7.0873783783783795, 1.8826936936936938, 1.7325585585585586, 9.449504504504505, 3.8844954954954956, 0.44139639639639644, 4.104693693693695, 0.8317477477477478, 0.35131531531531535, 1.152036036036036, 6.166549549549551, 1.0119099099099098, 0.981882882882883, 7.617855855855857, 8.378540540540541, 9.939945945945945, 4.9354414414414425, 8.228405405405406, 0.08107207207207208, 9.729756756756757, 0.8617747747747748, 3.013711711711712, 2.93363963963964, 8.138324324324325, 6.566909909909911, 9.169252252252253, 0.031027027027027032, 3.6943243243243247, 1.3822432432432432, 6.326693693693694, 2.2730450450450452, 2.182963963963964, 1.6024414414414414, 6.556900900900902, 0.37133333333333335],