{"description": "PHOSPHENE SPECIFICATIONS FILE.  'nPhosphenes': the number of phosphenes. 'eccentricities': the radius (in degrees of visual angle) from the foveal center for each phosphene. 'azimuth_angles': the polar angle (in radians) for each phosphene. 'size': each phosphene's default size (in dva). ", "nPhosphenes": 250, "eccentricities": [16.729273273273275, 0.5965615615615616, 0.5089789789789789, 12.174978978978979, 1.122057057057057, 0.7366936936936936, 15.170303303303303, 2.5058618618618618, 0.9644084084084084, 0.15864864864864864, 3.5918858858858855, 2.908741741741742, 1.735135135135135, 1.0169579579579577, 0.07106606606606607, 0.12361561561561561, 0.6315945945945945, 0.3338138138138138, 1.1746066066066065, 11.141504504504503, 1.5249369369369368, 0.08858258258258259, 0.14113213213213213, 0.7542102102102102, 11.299153153153153, 2.9963243243243243, 0.6491111111111111, 4.029798798798799, 3.574369369369369, 4.432678678678679, 3.732018018018018, 9.092072072072071, 5.238438438438439, 3.942216216216216, 8.338861861861862, 1.3672882882882882, 4.537777777777778, 4.1173813813813815, 6.131780780780781, 4.169930930930931, 0.4038798798798799, 0.018516516516516517, 2.7160600600600597, 12.928189189189188, 15.53815015015015, 2.5058618618618618, 0.7191771771771772, 0.9293753753753754, 9.7576996996997, 1.3147387387387386, 0.001, 2.2606306306306303, 9.442402402402402, 0.4389129129129129, 4.292546546546546, 2.5058618618618618, 14.101795795795795, 4.625360360360361, 16.53659159159159, 7.4280030030030035, 1.595003003003003, 17.41241741741742, 3.1364564564564565, 1.3672882882882882, 2.4533123123123124, 16.79933933933934, 0.9819249249249249, 5.991648648648649, 13.22596996996997, 0.08858258258258259, 16.624174174174176, 0.7191771771771772, 8.216246246246246, 1.595003003003003, 5.956615615615616, 1.6475525525525525, 1.297222222222222, 7.550618618618619, 0.05354954954954955, 0.07106606606606607, 6.657276276276277, 0.3162972972972973, 2.2606306306306303, 16.221294294294296, 14.802456456456456, 0.12361561561561561, 0.036033033033033034, 0.8067597597597598, 2.8036426426426426, 2.575927927927928, 2.558411411411411, 2.0679489489489487, 9.512468468468468, 11.631966966966967, 1.1746066066066065, 0.21119819819819818, 0.6315945945945945, 8.111147147147147, 2.7160600600600597, 0.544012012012012, 0.28126426426426426, 16.48404204204204, 4.590327327327327, 3.1364564564564565, 2.2606306306306303, 1.15709009009009, 0.21119819819819818, 3.329138138138138, 2.9963243243243243, 2.0854654654654654, 2.3306966966966964, 3.0488738738738737, 8.671675675675676, 8.84684084084084, 0.4389129129129129, 4.923141141141142, 14.977621621621621, 1.3322552552552551, 8.286312312312312, 7.147738738738739, 1.4723873873873872, 1.5424534534534533, 3.0839069069069067, 4.73045945945946, 0.001, 12.104912912912912, 13.558783783783783, 0.036033033033033034, 5.43112012012012, 8.654159159159159, 1.8402342342342342, 6.657276276276277, 16.65920720720721, 1.192123123123123, 2.1204984984984985, 13.348585585585585, 4.958174174174174, 13.97918018018018, 0.9293753753753754, 9.512468468468468, 2.7160600600600597, 0.15864864864864864, 0.07106606606606607, 11.877198198198197, 12.560342342342341, 1.4548708708708709, 0.47394594594594597, 4.695426426426427, 12.525309309309309, 1.0870240240240239, 2.3306966966966964, 0.47394594594594597, 10.668558558558559, 14.995138138138138, 0.4038798798798799, 17.46496696696697, 0.08858258258258259, 0.07106606606606607, 3.294105105105105, 3.399204204204204, 0.08858258258258259, 0.018516516516516517, 1.2446726726726725, 0.036033033033033034, 0.7366936936936936, 8.49651051051051, 5.553735735735736, 2.2956636636636634, 5.8340000000000005, 9.14462162162162, 1.3848048048048047, 0.9644084084084084, 1.5074204204204202, 6.061714714714715, 14.224411411411412, 9.670117117117117, 1.6125195195195194, 0.7542102102102102, 1.7176186186186184, 0.08858258258258259, 0.6315945945945945, 10.440843843843844, 12.805573573573573, 0.8768258258258258, 0.8417927927927927, 4.800525525525526, 10.931306306306306, 17.30731831831832, 0.12361561561561561, 8.478993993993994, 0.6315945945945945, 5.0983063063063065, 12.402693693693694, 4.32757957957958, 7.007606606606607, 0.8417927927927927, 6.324462462462463, 1.192123123123123, 9.19717117117117, 3.4517537537537537, 0.22871471471471472, 0.9293753753753754, 0.12361561561561561, 0.15864864864864864, 0.3338138138138138, 14.872522522522521, 1.8927837837837838, 10.248162162162162, 2.0153993993993993, 0.4389129129129129, 5.658834834834835, 5.343537537537538, 3.3116216216216214, 0.15864864864864864, 6.271912912912914, 2.7335765765765765, 1.192123123123123, 0.14113213213213213, 1.4198378378378378, 13.804015015015015, 1.0695075075075073, 5.045756756756757, 6.920024024024024, 9.232204204204203, 1.1746066066066065, 7.44551951951952, 1.122057057057057, 15.99357957957958, 2.1029819819819817, 16.081162162162162, 2.821159159159159, 3.3816876876876876, 1.8402342342342342, 1.0169579579579577, 1.5599699699699698, 0.9644084084084084, 6.044198198198199, 0.9819249249249249, 4.362612612612613, 1.0169579579579577, 5.606285285285286, 0.5965615615615616, 7.270354354354355, 1.665069069069069, 3.0488738738738737, 11.544384384384383, 7.025123123123123, 5.115822822822823, 0.5790450450450451, 1.4723873873873872],