{"description": "PHOSPHENE SPECIFICATIONS FILE.  'nPhosphenes': the number of phosphenes. 'eccentricities': the radius (in degrees of visual angle) from the foveal center for each phosphene. 'azimuth_angles': the polar angle (in radians) for each phosphene. 'size': each phosphene's default size (in dva). ", "nPhosphenes": 250, "eccentricities": [3.574369369369369, 2.1555315315315315, 5.693867867867868, 5.518702702702703, 5.185888888888889, 0.14113213213213213, 11.001372372372371, 4.923141141141142, 12.542825825825826, 7.305387387387388, 2.9788078078078075, 13.82153153153153, 6.114264264264264, 3.907183183183183, 4.450195195195196, 1.8402342342342342, 0.8593093093093093, 0.28126426426426426, 0.19368168168168168, 1.2797057057057055, 16.361426426426426, 0.5790450450450451, 1.8927837837837838, 0.17616516516516517, 5.43112012012012, 0.7191771771771772, 1.4023213213213213, 1.595003003003003, 2.1029819819819817, 3.0488738738738737, 1.8402342342342342, 12.06987987987988, 0.5264954954954955, 13.87408108108108, 10.510909909909909, 2.558411411411411, 0.8593093093093093, 10.826207207207206, 4.73045945945946, 0.7016606606606607, 12.087396396396397, 3.8896666666666664, 4.029798798798799, 0.036033033033033034, 0.49146246246246245, 1.2096396396396396, 10.05548048048048, 2.8737087087087088, 0.35133033033033034, 0.5790450450450451, 7.287870870870871, 12.753024024024024, 0.19368168168168168, 8.286312312312312, 3.364171171171171, 0.17616516516516517, 1.770168168168168, 2.593444444444444, 0.8768258258258258, 2.821159159159159, 1.8927837837837838, 1.665069069069069, 0.10609909909909909, 2.681027027027027, 16.04612912912913, 1.0870240240240239, 1.6825855855855854, 14.049246246246245, 4.467711711711712, 10.773657657657656, 0.15864864864864864, 0.6666276276276276, 8.724225225225224, 4.520261261261261, 6.377012012012012, 3.7145015015015015, 0.05354954954954955, 6.096747747747748, 5.518702702702703, 7.655717717717718, 4.432678678678679, 2.681027027027027, 1.7176186186186184, 2.575927927927928, 7.39296996996997, 5.921582582582583, 7.112705705705706, 0.5264954954954955, 2.3306966966966964, 3.7145015015015015, 3.3116216216216214, 0.14113213213213213, 3.294105105105105, 1.805201201201201, 0.28126426426426426, 7.8483993993993995, 0.07106606606606607, 8.811807807807806, 8.111147147147147, 2.6985435435435434, 9.14462162162162, 6.464594594594595, 1.7001021021021019, 5.273471471471471, 14.557225225225224, 0.036033033033033034, 8.14618018018018, 2.4182792792792793, 0.5965615615615616, 3.224039039039039, 0.7191771771771772, 1.630036036036036, 7.357936936936937, 4.888108108108108, 10.388294294294294, 5.553735735735736, 14.469642642642642, 4.625360360360361, 3.732018018018018, 8.076114114114114, 0.3688468468468468, 10.037963963963964, 3.539336336336336, 6.23687987987988, 4.625360360360361, 0.47394594594594597, 15.94103003003003, 3.539336336336336, 0.001, 1.0169579579579577, 0.15864864864864864, 12.332627627627627, 7.112705705705706, 0.26374774774774773, 13.401135135135135, 4.537777777777778, 4.712942942942943, 1.5774864864864864, 0.28126426426426426, 5.168372372372373, 0.26374774774774773, 0.8593093093093093, 10.983855855855856, 0.9994414414414414, 14.732390390390389, 0.5089789789789789, 3.574369369369369, 3.434237237237237, 14.189378378378377, 6.377012012012012, 0.9994414414414414, 4.520261261261261, 1.5074204204204202, 5.273471471471471, 14.189378378378377, 5.168372372372373, 0.2987807807807808, 15.5906996996997, 8.233762762762762, 3.8896666666666664, 1.15709009009009, 3.8196006006006002, 2.1905645645645646, 2.4182792792792793, 10.913789789789789, 2.2606306306306303, 11.772099099099098, 3.0313573573573573, 0.7016606606606607, 2.0504324324324323, 9.49495195195195, 2.6284774774774773, 7.813366366366367, 11.439285285285285, 9.372336336336335, 0.12361561561561561, 7.971015015015015, 0.9644084084084084, 0.544012012012012, 0.17616516516516517, 0.47394594594594597, 2.208081081081081, 8.584093093093092, 1.0344744744744743, 2.8737087087087088, 3.171489489489489, 1.122057057057057, 0.9819249249249249, 3.7845675675675676, 3.556852852852853, 0.5264954954954955, 2.2956636636636634, 10.878756756756756, 13.558783783783783, 1.1746066066066065, 4.310063063063064, 0.5264954954954955, 3.294105105105105, 7.0601561561561565, 1.6125195195195194, 5.851516516516517, 1.4373543543543543, 2.4007627627627626, 0.05354954954954955, 1.3497717717717717, 3.1364564564564565, 7.603168168168168, 8.006048048048047, 1.15709009009009, 9.004489489489488, 1.7176186186186184, 1.6125195195195194, 4.502744744744745, 3.574369369369369, 9.074555555555555, 12.542825825825826, 5.728900900900901, 0.9644084084084084, 0.6140780780780781, 3.539336336336336, 6.114264264264264, 5.361054054054055, 2.821159159159159, 5.255954954954955, 8.619126126126126, 0.4389129129129129, 2.243114114114114, 5.43112012012012, 5.816483483483484, 3.87215015015015, 8.654159159159159, 11.386735735735735, 3.52181981981982, 7.4805525525525525, 4.292546546546546, 1.6125195195195194, 0.45642942942942943, 1.6475525525525525, 4.222480480480481, 2.173048048048048, 0.7717267267267267, 1.7876846846846846, 2.138015015015015, 6.0792312312312315, 2.5058618618618618, 17.20221921921922, 1.7526516516516515, 5.0983063063063065, 7.375453453453454, 14.504675675675674],