{"description": "PHOSPHENE SPECIFICATIONS FILE.  'nPhosphenes': the number of phosphenes. 'eccentricities': the radius (in degrees of visual angle) from the foveal center for each phosphene. 'azimuth_angles': the polar angle (in radians) for each phosphene. 'size': each phosphene's default size (in dva). ", "nPhosphenes": 250, "eccentricities": [3.7844054054054057, 1.6624954954954956, 4.404963963963965, 5.916324324324325, 5.556000000000001, 0.47142342342342347, 8.97908108108108, 1.4322882882882884, 3.8544684684684687, 1.152036036036036, 1.6524864864864865, 0.46141441441441444, 2.042837837837838, 2.042837837837838, 5.155639639639641, 0.1911711711711712, 5.556000000000001, 0.07106306306306306, 0.7716936936936938, 0.3913513513513514, 7.938144144144145, 0.7716936936936938, 1.2921621621621622, 1.4022612612612613, 3.7743963963963965, 1.8826936936936938, 0.9418468468468469, 1.172054054054054, 0.7316576576576577, 9.319387387387387, 4.845360360360361, 4.174756756756757, 0.031027027027027032, 0.17115315315315316, 4.785306306306307, 6.606945945945947, 5.556000000000001, 0.6716036036036036, 1.041936936936937, 9.79981981981982, 3.273945945945946, 2.7634864864864865, 6.146531531531532, 1.7625855855855856, 3.7743963963963965, 1.142027027027027, 1.2921621621621622, 0.5414864864864866, 3.4340900900900904, 0.06105405405405406, 2.7334594594594597, 1.8026216216216218, 4.485036036036036, 8.828945945945947, 4.04463963963964, 2.4331891891891892, 3.4941441441441445, 3.984585585585586, 6.166549549549551, 1.8426576576576577, 0.14112612612612613, 1.2220990990990992, 0.2512252252252252, 0.5414864864864866, 3.9945945945945946, 5.265738738738739, 8.19837837837838, 5.455909909909911, 3.213891891891892, 2.7835045045045046, 6.646981981981983, 0.9018108108108109, 3.043738738738739, 1.3321981981981983, 6.346711711711713, 0.6615945945945947, 2.993693693693694, 8.038234234234235, 1.9927927927927929, 2.7034324324324324, 5.756180180180181, 3.3239909909909913, 8.989090090090091, 0.8417567567567569, 0.13111711711711713, 0.5214684684684685, 1.071963963963964, 1.0119099099099098, 8.27845045045045, 0.26123423423423425, 4.34490990990991, 3.6843153153153154, 3.043738738738739, 1.2220990990990992, 1.5123603603603604, 2.353117117117117, 3.7243513513513515, 1.192072072072072, 1.051945945945946, 2.6433783783783786, 7.747972972972974, 0.7016306306306307, 7.878090090090091, 1.182063063063063, 3.9945945945945946, 1.182063063063063, 0.5314774774774775, 2.5933333333333333, 6.516864864864866, 2.6934234234234236, 2.6734054054054055, 3.824441441441442, 1.071963963963964, 3.9045135135135136, 3.53418018018018, 0.6615945945945947, 1.9827837837837838, 2.9236306306306306, 4.785306306306307, 0.5114594594594595, 0.02101801801801802, 2.052846846846847, 0.9118198198198199, 0.2712432432432433, 0.6115495495495497, 0.961864864864865, 4.5250720720720725, 3.384045045045045, 0.6615945945945947, 1.182063063063063, 6.096486486486487, 0.17115315315315316, 4.364927927927929, 0.5214684684684685, 0.13111711711711713, 0.991891891891892, 1.3722342342342342, 2.4031621621621624, 5.926333333333334, 2.7835045045045046, 0.961864864864865, 3.5041531531531533, 6.566909909909911, 0.7917117117117117, 7.7279549549549555, 1.0019009009009008, 5.0255225225225235, 3.9245315315315317, 3.183864864864865, 0.37133333333333335, 0.7216486486486487, 1.081972972972973, 0.8717837837837838, 0.6415765765765766, 0.3913513513513514, 9.719747747747748, 1.6324684684684685, 2.5432882882882883, 1.5523963963963965, 1.041936936936937, 4.074666666666667, 0.6716036036036036, 0.7116396396396397, 5.76618918918919, 0.08107207207207208, 2.2029819819819823, 0.6916216216216217, 0.28125225225225226, 1.5223693693693694, 7.677909909909911, 2.343108108108108, 5.425882882882884, 0.4914414414414415, 4.85536936936937, 2.1129009009009008, 0.46141441441441444, 0.23120720720720722, 0.0910810810810811, 2.12290990990991, 0.2912612612612613, 6.57691891891892, 1.5624054054054055, 0.3012702702702703, 9.779801801801803, 1.3221891891891893, 9.48954054054054, 2.7234504504504504, 7.027324324324325, 1.2721441441441441, 0.8918018018018019, 6.667000000000001, 1.0319279279279279, 0.21118918918918922, 8.228405405405406, 0.3813423423423424, 3.8544684684684687, 9.159243243243244, 1.0019009009009008, 3.313981981981982, 1.8226396396396396, 5.5760180180180186, 0.1010900900900901, 3.824441441441442, 3.824441441441442, 0.8117297297297298, 1.081972972972973, 5.916324324324325, 0.951855855855856, 3.9245315315315317, 4.605144144144145, 9.989990990990991, 9.269342342342343, 1.8526666666666667, 7.477729729729731, 9.909918918918919, 1.3522162162162161, 2.5232702702702703, 4.134720720720721, 1.9627657657657658, 0.7616846846846848, 2.7134414414414416, 0.37133333333333335, 3.5742162162162163, 1.3722342342342342, 1.4523063063063064, 1.2921621621621622, 0.05104504504504505, 8.578720720720721, 7.437693693693695, 0.5314774774774775, 4.45500900900901, 0.35131531531531535, 4.45500900900901, 6.046441441441442, 1.2220990990990992, 2.953657657657658, 1.3722342342342342, 0.5815225225225226, 0.4013603603603604, 6.7670900900900905, 0.2011801801801802, 9.039135135135135, 8.258432432432432, 2.8936036036036037, 1.2821531531531531, 2.303072072072072, 7.187468468468469, 2.6734054054054055, 3.083774774774775, 4.675207207207208],